﻿pos_x,pos_y,rotation,side,designator,mpn,pack,footprint,value,mount_type,place
113.75,-82.75,0.0,top,C1,,,CP_Radial_D7.5mm_P2.50mm,C_Polarized,tht,True
113.25,-96.0,0.0,top,C2,,,CP_Radial_D7.5mm_P2.50mm,C_Polarized,tht,True
126.4,-77.88,0.0,top,D2,,,LED_D5.0mm_IRGrey,LED,tht,True
129.5,-95.975,0.0,top,J1,,,PinHeader_1x02_P2.54mm_Vertical,Conn_01x02,tht,True
129.2,-85.32,0.0,top,J2,,,PinHeader_1x03_P2.54mm_Vertical,Conn_01x03,tht,True
129.0,-67.8,180.0,top,J3,,,PinHeader_1x02_P2.54mm_Vertical,Conn_01x02,tht,True
113.71,-88.75,90.0,top,J4,,,PinHeader_1x02_P2.54mm_Vertical,Conn_01x02,tht,True
121.38,-71.68,0.0,top,R1,,,R_Axial_DIN0204_L3.6mm_D1.6mm_P7.62mm_Horizontal,R,tht,True
118.61,-75.08,180.0,top,R2,,,R_Axial_DIN0204_L3.6mm_D1.6mm_P7.62mm_Horizontal,R,tht,True
103.8,-89.8,180.0,top,R3,,,R_Axial_DIN0204_L3.6mm_D1.6mm_P7.62mm_Horizontal,R,tht,True
94.2,-89.8,180.0,top,R4,,,R_Axial_DIN0204_L3.6mm_D1.6mm_P7.62mm_Horizontal,R,tht,True
97.19,-97.5,0.0,top,R5,,,R_Axial_DIN0204_L3.6mm_D1.6mm_P7.62mm_Horizontal,R,tht,True
104.87,-94.5,180.0,top,R6,,,R_Axial_DIN0204_L3.6mm_D1.6mm_P7.62mm_Horizontal,R,tht,True
126.56,-99.25,180.0,top,R7,,,R_Axial_DIN0204_L3.6mm_D1.6mm_P7.62mm_Horizontal,R,tht,True
85.2,-61.56,0.0,top,U1,,,WEMOS_D1_mini_light,WeMos_D1_mini,tht,True
114.885,-67.54,90.0,top,U2,,,Vishay_MOLD-3Pin,TSOP348xx,tht,True
121.8728,-75.46,90.0,top,U3,BC637,TO-92,TO254P508X787-3,BC637,tht,True
107.75,-97.29,-90.0,top,U4,BC637,TO-92,TO254P508X787-3,BC637,tht,True
